{
    "name": "root",
    "gauges": {
        "Turtle.Policy.Entropy.mean": {
            "value": 1.3718012571334839,
            "min": 1.3718012571334839,
            "max": 1.3827863931655884,
            "count": 2
        },
        "Turtle.Policy.Entropy.sum": {
            "value": 68540.6796875,
            "min": 68540.6796875,
            "max": 69218.140625,
            "count": 2
        },
        "Turtle.Step.mean": {
            "value": 99957.0,
            "min": 49993.0,
            "max": 99957.0,
            "count": 2
        },
        "Turtle.Step.sum": {
            "value": 99957.0,
            "min": 49993.0,
            "max": 99957.0,
            "count": 2
        },
        "Turtle.Policy.ExtrinsicValueEstimate.mean": {
            "value": -0.04304950684309006,
            "min": -0.04304950684309006,
            "max": -0.02889147587120533,
            "count": 2
        },
        "Turtle.Policy.ExtrinsicValueEstimate.sum": {
            "value": -34.956199645996094,
            "min": -34.956199645996094,
            "max": -23.48876953125,
            "count": 2
        },
        "Turtle.Environment.EpisodeLength.mean": {
            "value": 697.3098591549295,
            "min": 683.8356164383562,
            "max": 697.3098591549295,
            "count": 2
        },
        "Turtle.Environment.EpisodeLength.sum": {
            "value": 49509.0,
            "min": 49509.0,
            "max": 49920.0,
            "count": 2
        },
        "Turtle.Environment.CumulativeReward.mean": {
            "value": -1.4027717425160005,
            "min": -1.4027717425160005,
            "max": -1.3334136272538197,
            "count": 2
        },
        "Turtle.Environment.CumulativeReward.sum": {
            "value": -99.59679371863604,
            "min": -99.59679371863604,
            "max": -97.33919478952885,
            "count": 2
        },
        "Turtle.Policy.ExtrinsicReward.mean": {
            "value": -1.4027717425160005,
            "min": -1.4027717425160005,
            "max": -1.3334136272538197,
            "count": 2
        },
        "Turtle.Policy.ExtrinsicReward.sum": {
            "value": -99.59679371863604,
            "min": -99.59679371863604,
            "max": -97.33919478952885,
            "count": 2
        },
        "Turtle.Losses.PolicyLoss.mean": {
            "value": 0.02302715871638308,
            "min": 0.021444344673849022,
            "max": 0.02302715871638308,
            "count": 2
        },
        "Turtle.Losses.PolicyLoss.sum": {
            "value": 0.1151357935819154,
            "min": 0.08577737869539609,
            "max": 0.1151357935819154,
            "count": 2
        },
        "Turtle.Losses.ValueLoss.mean": {
            "value": 0.004333067835347417,
            "min": 0.004333067835347417,
            "max": 0.0067966096559151385,
            "count": 2
        },
        "Turtle.Losses.ValueLoss.sum": {
            "value": 0.021665339176737082,
            "min": 0.021665339176737082,
            "max": 0.027186438623660554,
            "count": 2
        },
        "Turtle.Policy.LearningRate.mean": {
            "value": 0.00025684249438584,
            "min": 0.00025684249438584,
            "max": 0.00028457865514045,
            "count": 2
        },
        "Turtle.Policy.LearningRate.sum": {
            "value": 0.0012842124719292,
            "min": 0.0011383146205618,
            "max": 0.0012842124719292,
            "count": 2
        },
        "Turtle.Policy.Epsilon.mean": {
            "value": 0.18561415999999997,
            "min": 0.18561415999999997,
            "max": 0.19485955000000005,
            "count": 2
        },
        "Turtle.Policy.Epsilon.sum": {
            "value": 0.9280707999999999,
            "min": 0.7794382000000002,
            "max": 0.9280707999999999,
            "count": 2
        },
        "Turtle.Policy.Beta.mean": {
            "value": 0.004282146584,
            "min": 0.004282146584,
            "max": 0.004743491545000001,
            "count": 2
        },
        "Turtle.Policy.Beta.sum": {
            "value": 0.02141073292,
            "min": 0.018973966180000003,
            "max": 0.02141073292,
            "count": 2
        },
        "Turtle.IsTraining.mean": {
            "value": 1.0,
            "min": 1.0,
            "max": 1.0,
            "count": 2
        },
        "Turtle.IsTraining.sum": {
            "value": 1.0,
            "min": 1.0,
            "max": 1.0,
            "count": 2
        }
    },
    "metadata": {
        "timer_format_version": "0.1.0",
        "start_time_seconds": "1748626823",
        "python_version": "3.10.12 | packaged by Anaconda, Inc. | (main, Jul  5 2023, 19:01:18) [MSC v.1916 64 bit (AMD64)]",
        "command_line_arguments": "C:\\Users\\Yoony\\miniconda3\\envs\\mlagents\\Scripts\\mlagents-learn --run-id=turtle1",
        "mlagents_version": "1.1.0",
        "mlagents_envs_version": "1.1.0",
        "communication_protocol_version": "1.5.0",
        "pytorch_version": "2.2.2+cu121",
        "numpy_version": "1.23.5",
        "end_time_seconds": "1748628167"
    },
    "total": 1344.374940300011,
    "count": 1,
    "self": 0.005602100005489774,
    "children": {
        "run_training.setup": {
            "total": 0.03497110000171233,
            "count": 1,
            "self": 0.03497110000171233
        },
        "TrainerController.start_learning": {
            "total": 1344.3343671000039,
            "count": 1,
            "self": 2.3260378000559285,
            "children": {
                "TrainerController._reset_env": {
                    "total": 16.18786989999353,
                    "count": 1,
                    "self": 16.18786989999353
                },
                "TrainerController.advance": {
                    "total": 1325.6870069999568,
                    "count": 149648,
                    "self": 2.255389504513005,
                    "children": {
                        "env_step": {
                            "total": 1286.9342929971463,
                            "count": 149648,
                            "self": 744.4576764003868,
                            "children": {
                                "SubprocessEnvManager._take_step": {
                                    "total": 540.8350938984513,
                                    "count": 149648,
                                    "self": 7.437339998068637,
                                    "children": {
                                        "TorchPolicy.evaluate": {
                                            "total": 533.3977539003827,
                                            "count": 149484,
                                            "self": 533.3977539003827
                                        }
                                    }
                                },
                                "workers": {
                                    "total": 1.6415226983081084,
                                    "count": 149647,
                                    "self": 0.0,
                                    "children": {
                                        "worker_root": {
                                            "total": 1247.838752100477,
                                            "count": 149647,
                                            "is_parallel": true,
                                            "self": 699.5143141956214,
                                            "children": {
                                                "steps_from_proto": {
                                                    "total": 0.000949099994613789,
                                                    "count": 1,
                                                    "is_parallel": true,
                                                    "self": 0.0005608999927062541,