{
    "name": "root",
    "gauges": {
        "DefenseAgent.Policy.Entropy.mean": {
            "value": 1.4315452575683594,
            "min": 1.4315452575683594,
            "max": 2.019491672515869,
            "count": 50
        },
        "DefenseAgent.Policy.Entropy.sum": {
            "value": 28493.4765625,
            "min": 28493.4765625,
            "max": 41359.1875,
            "count": 50
        },
        "DefenseAgent.Step.mean": {
            "value": 999959.0,
            "min": 19893.0,
            "max": 999959.0,
            "count": 50
        },
        "DefenseAgent.Step.sum": {
            "value": 999959.0,
            "min": 19893.0,
            "max": 999959.0,
            "count": 50
        },
        "DefenseAgent.Policy.ExtrinsicValueEstimate.mean": {
            "value": 1.2862306833267212,
            "min": 0.1718023121356964,
            "max": 1.2862306833267212,
            "count": 50
        },
        "DefenseAgent.Policy.ExtrinsicValueEstimate.sum": {
            "value": 209.65560913085938,
            "min": 27.831974029541016,
            "max": 209.65560913085938,
            "count": 50
        },
        "DefenseAgent.Environment.EpisodeLength.mean": {
            "value": 1800.1818181818182,
            "min": 1076.0,
            "max": 1921.0,
            "count": 50
        },
        "DefenseAgent.Environment.EpisodeLength.sum": {
            "value": 19802.0,
            "min": 1076.0,
            "max": 27754.0,
            "count": 50
        },
        "DefenseAgent.Environment.CumulativeReward.mean": {
            "value": 27.286448630419645,
            "min": 1.5655786111950873,
            "max": 30.322428560505312,
            "count": 50
        },
        "DefenseAgent.Environment.CumulativeReward.sum": {
            "value": 300.1509349346161,
            "min": 14.735702753067017,
            "max": 438.1593987643719,
            "count": 50
        },
        "DefenseAgent.Policy.ExtrinsicReward.mean": {
            "value": 27.286448630419645,
            "min": 1.5655786111950873,
            "max": 30.322428560505312,
            "count": 50
        },
        "DefenseAgent.Policy.ExtrinsicReward.sum": {
            "value": 300.1509349346161,
            "min": 14.735702753067017,
            "max": 438.1593987643719,
            "count": 50
        },
        "DefenseAgent.IsTraining.mean": {
            "value": 1.0,
            "min": 1.0,
            "max": 1.0,
            "count": 50
        },
        "DefenseAgent.IsTraining.sum": {
            "value": 1.0,
            "min": 1.0,
            "max": 1.0,
            "count": 50
        },
        "DefenseAgent.Losses.PolicyLoss.mean": {
            "value": 0.019623722601681947,
            "min": 0.014417338976636529,
            "max": 0.02177459329832345,
            "count": 24
        },
        "DefenseAgent.Losses.PolicyLoss.sum": {
            "value": 0.019623722601681947,
            "min": 0.014417338976636529,
            "max": 0.02177459329832345,
            "count": 24
        },
        "DefenseAgent.Losses.ValueLoss.mean": {
            "value": 0.23547371923923494,
            "min": 0.22996325170000395,
            "max": 0.29314243495464326,
            "count": 24
        },
        "DefenseAgent.Losses.ValueLoss.sum": {
            "value": 0.23547371923923494,
            "min": 0.22996325170000395,
            "max": 0.29314243495464326,
            "count": 24
        },
        "DefenseAgent.Policy.LearningRate.mean": {
            "value": 4.23669858779999e-06,
            "min": 4.23669858779999e-06,
            "max": 0.00028744560418479995,
            "count": 24
        },
        "DefenseAgent.Policy.LearningRate.sum": {
            "value": 4.23669858779999e-06,
            "min": 4.23669858779999e-06,
            "max": 0.00028744560418479995,
            "count": 24
        },
        "DefenseAgent.Policy.Epsilon.mean": {
            "value": 0.10141220000000001,
            "min": 0.10141220000000001,
            "max": 0.19581520000000002,
            "count": 24
        },
        "DefenseAgent.Policy.Epsilon.sum": {
            "value": 0.10141220000000001,
            "min": 0.10141220000000001,
            "max": 0.19581520000000002,
            "count": 24
        },
        "DefenseAgent.Policy.Beta.mean": {
            "value": 8.046877999999984e-05,
            "min": 8.046877999999984e-05,
            "max": 0.004791178479999999,
            "count": 24
        },
        "DefenseAgent.Policy.Beta.sum": {
            "value": 8.046877999999984e-05,
            "min": 8.046877999999984e-05,
            "max": 0.004791178479999999,
            "count": 24
        }
    },
    "metadata": {
        "timer_format_version": "0.1.0",
        "start_time_seconds": "1749364775",
        "python_version": "3.10.12 | packaged by Anaconda, Inc. | (main, Jul  5 2023, 19:01:18) [MSC v.1916 64 bit (AMD64)]",
        "command_line_arguments": "C:\\Users\\Yoony\\miniconda3\\envs\\mlagents\\Scripts\\mlagents-learn config/RLDefenseAgent.yaml --run-id=parallelRLDefense --force",
        "mlagents_version": "1.1.0",
        "mlagents_envs_version": "1.1.0",
        "communication_protocol_version": "1.5.0",
        "pytorch_version": "2.2.2+cu121",
        "numpy_version": "1.23.5",
        "end_time_seconds": "1749365690"
    },
    "total": 915.0653412999818,
    "count": 1,
    "self": 0.00792960001854226,
    "children": {
        "run_training.setup": {
            "total": 0.09532249998301268,
            "count": 1,
            "self": 0.09532249998301268
        },
        "TrainerController.start_learning": {
            "total": 914.9620891999803,
            "count": 1,
            "self": 1.0875882087275386,
            "children": {
                "TrainerController._reset_env": {
                    "total": 7.123498900036793,
                    "count": 1,
                    "self": 7.123498900036793
                },
                "TrainerController.advance": {
                    "total": 906.6828730911948,
                    "count": 62812,
                    "self": 1.1179031857755035,
                    "children": {
                        "env_step": {
                            "total": 715.3210937094991,
                            "count": 62812,
                            "self": 390.9451073022792,
                            "children": {
                                "SubprocessEnvManager._take_step": {
                                    "total": 323.66812100063544,
                                    "count": 62812,
                                    "self": 3.5334618033957668,
                                    "children": {
                                        "TorchPolicy.evaluate": {
                                            "total": 320.13465919723967,
                                            "count": 62570,
                                            "self": 320.13465919723967
                                        }
                                    }
                                },
                                "workers": {
                                    "total": 0.7078654065844603,
                                    "count": 62812,
                                    "self": 0.0,
                                    "children": {
                                        "worker_root": {
                                            "total": 907.2918478004867,
                                            "count": 62812,
                                            "is_parallel": true,
                                            "self": 584.5101797985262,
                                            "children": {
                                                "steps_from_proto": {
                                                    "total": 0.0006490999949164689,