{
    "name": "root",
    "metadata": {
        "timer_format_version": "0.1.0",
        "start_time_seconds": "1749386024",
        "python_version": "3.10.12 | packaged by Anaconda, Inc. | (main, Jul  5 2023, 19:01:18) [MSC v.1916 64 bit (AMD64)]",
        "command_line_arguments": "C:\\Users\\Yoony\\miniconda3\\envs\\mlagents\\Scripts\\mlagents-learn config/RLDefenseAgent.yaml --run-id=parallelRLDefense --force",
        "mlagents_version": "1.1.0",
        "mlagents_envs_version": "1.1.0",
        "communication_protocol_version": "1.5.0",
        "pytorch_version": "2.2.2+cu121",
        "numpy_version": "1.23.5",
        "end_time_seconds": "1749386137"
    },
    "total": 113.23822100000689,
    "count": 1,
    "self": 0.006875300023239106,
    "children": {
        "run_training.setup": {
            "total": 0.10666889999993145,
            "count": 1,
            "self": 0.10666889999993145
        },
        "TrainerController.start_learning": {
            "total": 113.12467679998372,
            "count": 1,
            "self": 0.0039410999161191285,
            "children": {
                "TrainerController._reset_env": {
                    "total": 14.341725300007965,
                    "count": 1,
                    "self": 14.341725300007965
                },
                "TrainerController.advance": {
                    "total": 98.66807100008009,
                    "count": 234,
                    "self": 0.0041711003868840635,
                    "children": {
                        "env_step": {
                            "total": 98.57026140001835,
                            "count": 234,
                            "self": 97.6927963004564,
                            "children": {
                                "SubprocessEnvManager._take_step": {
                                    "total": 0.875055100012105,
                                    "count": 234,
                                    "self": 0.013229800679255277,
                                    "children": {
                                        "TorchPolicy.evaluate": {
                                            "total": 0.8618252993328497,
                                            "count": 234,
                                            "self": 0.8618252993328497
                                        }
                                    }
                                },
                                "workers": {
                                    "total": 0.002409999549854547,
                                    "count": 233,
                                    "self": 0.0,
                                    "children": {
                                        "worker_root": {
                                            "total": 4.573392199643422,
                                            "count": 233,
                                            "is_parallel": true,
                                            "self": 2.3373611987335607,
                                            "children": {
                                                "steps_from_proto": {
                                                    "total": 0.00036150001687929034,
                                                    "count": 1,
                                                    "is_parallel": true,
                                                    "self": 0.00017169996863231063,
                                                    "children": {
                                                        "_process_rank_one_or_two_observation": {
                                                            "total": 0.0001898000482469797,
                                                            "count": 2,
                                                            "is_parallel": true,
                                                            "self": 0.0001898000482469797
                                                        }
                                                    }
                                                },
                                                "UnityEnvironment.step": {
                                                    "total": 2.235669500892982,
                                                    "count": 233,
                                                    "is_parallel": true,
                                                    "self": 0.025815100991167128,
                                                    "children": {
                                                        "UnityEnvironment._generate_step_input": {
                                                            "total": 0.03771439997944981,
                                                            "count": 233,
                                                            "is_parallel": true,
                                                            "self": 0.03771439997944981
                                                        },
                                                        "communicator.exchange": {
                                                            "total": 2.0933974999934435,
                                                            "count": 233,
                                                            "is_parallel": true,
                                                            "self": 2.0933974999934435
                                                        },
                                                        "steps_from_proto": {
                                                            "total": 0.07874249992892146,
                                                            "count": 233,
                                                            "is_parallel": true,
                                                            "self": 0.04600879951613024,
                                                            "children": {
                                                                "_process_rank_one_or_two_observation": {
                                                                    "total": 0.03273370041279122,
                                                                    "count": 466,
                                                                    "is_parallel": true,
                                                                    "self": 0.03273370041279122
                                                                }
                                                            }
                                                        }
                                                    }
                                                }
                                            }
                                        }
                                    }
                                }
                            }
                        },
                        "trainer_advance": {
                            "total": 0.09363849967485294,
                            "count": 233,
                            "self": 0.003867899940814823,
                            "children": {
                                "process_trajectory": {
                                    "total": 0.08977059973403811,
                                    "count": 233,
                                    "self": 0.08977059973403811
                                }
                            }
                        }
                    }
                },
                "TrainerController._save_models": {
                    "total": 0.11093939997954294,
                    "count": 1,
                    "self": 0.014690399984829128,
                    "children": {
                        "RLTrainer._checkpoint": {
                            "total": 0.09624899999471381,
                            "count": 1,