{
    "name": "root",
    "gauges": {
        "DefenseAgent.Policy.Entropy.mean": {
            "value": 1.0305695533752441,
            "min": 1.0156363248825073,
            "max": 2.020479917526245,
            "count": 100
        },
        "DefenseAgent.Policy.Entropy.sum": {
            "value": 10157.29296875,
            "min": 10066.662109375,
            "max": 20755.830078125,
            "count": 100
        },
        "DefenseAgent.Step.mean": {
            "value": 999925.0,
            "min": 9984.0,
            "max": 999925.0,
            "count": 100
        },
        "DefenseAgent.Step.sum": {
            "value": 999925.0,
            "min": 9984.0,
            "max": 999925.0,
            "count": 100
        },
        "DefenseAgent.Policy.ExtrinsicValueEstimate.mean": {
            "value": -16.68864631652832,
            "min": -17.697790145874023,
            "max": 0.06708596646785736,
            "count": 100
        },
        "DefenseAgent.Policy.ExtrinsicValueEstimate.sum": {
            "value": -1385.1575927734375,
            "min": -1466.708984375,
            "max": 5.554685592651367,
            "count": 100
        },
        "DefenseAgent.IsTraining.mean": {
            "value": 1.0,
            "min": 1.0,
            "max": 1.0,
            "count": 100
        },
        "DefenseAgent.IsTraining.sum": {
            "value": 1.0,
            "min": 1.0,
            "max": 1.0,
            "count": 100
        },
        "DefenseAgent.Environment.EpisodeLength.mean": {
            "value": 1613.75,
            "min": 1144.3333333333333,
            "max": 2385.3333333333335,
            "count": 99
        },
        "DefenseAgent.Environment.EpisodeLength.sum": {
            "value": 12910.0,
            "min": 1334.0,
            "max": 20907.0,
            "count": 99
        },
        "DefenseAgent.Environment.CumulativeReward.mean": {
            "value": -217.32538099586964,
            "min": -622.1577351093292,
            "max": -217.32538099586964,
            "count": 99
        },
        "DefenseAgent.Environment.CumulativeReward.sum": {
            "value": -1738.603047966957,
            "min": -4339.985883712769,
            "max": -292.3320016860962,
            "count": 99
        },
        "DefenseAgent.Policy.ExtrinsicReward.mean": {
            "value": -217.32538099586964,
            "min": -622.1577351093292,
            "max": -217.32538099586964,
            "count": 99
        },
        "DefenseAgent.Policy.ExtrinsicReward.sum": {
            "value": -1738.603047966957,
            "min": -4339.985883712769,
            "max": -292.3320016860962,
            "count": 99
        },
        "DefenseAgent.Losses.PolicyLoss.mean": {
            "value": 0.015797226588862637,
            "min": 0.013840868432695667,
            "max": 0.019954523642081768,
            "count": 24
        },
        "DefenseAgent.Losses.PolicyLoss.sum": {
            "value": 0.015797226588862637,
            "min": 0.013840868432695667,
            "max": 0.019954523642081768,
            "count": 24
        },
        "DefenseAgent.Losses.ValueLoss.mean": {
            "value": 7.0495174090067545,
            "min": 6.949549873669942,
            "max": 12.353667291005452,
            "count": 24
        },
        "DefenseAgent.Losses.ValueLoss.sum": {
            "value": 7.0495174090067545,
            "min": 6.949549873669942,
            "max": 12.353667291005452,
            "count": 24
        },
        "DefenseAgent.Policy.LearningRate.mean": {
            "value": 4.606298464599993e-06,
            "min": 4.606298464599993e-06,
            "max": 0.00028770000409999996,
            "count": 24
        },
        "DefenseAgent.Policy.LearningRate.sum": {
            "value": 4.606298464599993e-06,
            "min": 4.606298464599993e-06,
            "max": 0.00028770000409999996,
            "count": 24
        },
        "DefenseAgent.Policy.Epsilon.mean": {
            "value": 0.1015354,
            "min": 0.1015354,
            "max": 0.1959,
            "count": 24
        },
        "DefenseAgent.Policy.Epsilon.sum": {
            "value": 0.1015354,
            "min": 0.1015354,
            "max": 0.1959,
            "count": 24
        },
        "DefenseAgent.Policy.Beta.mean": {
            "value": 8.661645999999991e-05,
            "min": 8.661645999999991e-05,
            "max": 0.00479541,
            "count": 24
        },
        "DefenseAgent.Policy.Beta.sum": {
            "value": 8.661645999999991e-05,
            "min": 8.661645999999991e-05,
            "max": 0.00479541,
            "count": 24
        }
    },
    "metadata": {
        "timer_format_version": "0.1.0",
        "start_time_seconds": "1749404323",
        "python_version": "3.10.12 | packaged by Anaconda, Inc. | (main, Jul  5 2023, 19:01:18) [MSC v.1916 64 bit (AMD64)]",
        "command_line_arguments": "C:\\Users\\Yoony\\miniconda3\\envs\\mlagents\\Scripts\\mlagents-learn config/RLDefenseAgent.yaml --run-id=parallelRLDefense --force",
        "mlagents_version": "1.1.0",
        "mlagents_envs_version": "1.1.0",
        "communication_protocol_version": "1.5.0",
        "pytorch_version": "2.2.2+cu121",
        "numpy_version": "1.23.5",
        "end_time_seconds": "1749405270"
    },
    "total": 946.7180194000248,
    "count": 1,
    "self": 0.01221289997920394,
    "children": {
        "run_training.setup": {
            "total": 0.10833439999260008,
            "count": 1,
            "self": 0.10833439999260008
        },
        "TrainerController.start_learning": {
            "total": 946.597472100053,
            "count": 1,
            "self": 1.103814494505059,
            "children": {
                "TrainerController._reset_env": {
                    "total": 8.700740800006315,
                    "count": 1,
                    "self": 8.700740800006315
                },
                "TrainerController.advance": {
                    "total": 936.7168202055618,
                    "count": 62761,
                    "self": 1.171411691699177,
                    "children": {
                        "env_step": {
                            "total": 742.5189681021147,
                            "count": 62761,
                            "self": 416.361721201567,
                            "children": {
                                "SubprocessEnvManager._take_step": {
                                    "total": 325.43513520027045,
                                    "count": 62761,
                                    "self": 3.6675597967696376,
                                    "children": {
                                        "TorchPolicy.evaluate": {
                                            "total": 321.7675754035008,
                                            "count": 62556,
                                            "self": 321.7675754035008
                                        }
                                    }
                                },
                                "workers": {
                                    "total": 0.7221117002773099,
                                    "count": 62761,
                                    "self": 0.0,
                                    "children": {
                                        "worker_root": {
                                            "total": 937.2504649979528,
                                            "count": 62761,
                                            "is_parallel": true,
                                            "self": 592.8927408972522,
                                            "children": {
                                                "steps_from_proto": {
                                                    "total": 0.0003768999595195055,
                                                    "count": 1,