{
    "name": "root",
    "gauges": {
        "DefenseAgent.Policy.Entropy.mean": {
            "value": 1.4962942600250244,
            "min": 1.4962942600250244,
            "max": 2.033998727798462,
            "count": 50
        },
        "DefenseAgent.Policy.Entropy.sum": {
            "value": 29997.70703125,
            "min": 29997.70703125,
            "max": 41656.29296875,
            "count": 50
        },
        "DefenseAgent.Step.mean": {
            "value": 999907.0,
            "min": 19971.0,
            "max": 999907.0,
            "count": 50
        },
        "DefenseAgent.Step.sum": {
            "value": 999907.0,
            "min": 19971.0,
            "max": 999907.0,
            "count": 50
        },
        "DefenseAgent.Policy.ExtrinsicValueEstimate.mean": {
            "value": 1.4238965511322021,
            "min": 0.395250141620636,
            "max": 1.4373327493667603,
            "count": 50
        },
        "DefenseAgent.Policy.ExtrinsicValueEstimate.sum": {
            "value": 229.24734497070312,
            "min": 62.44952392578125,
            "max": 231.4105682373047,
            "count": 50
        },
        "DefenseAgent.Environment.EpisodeLength.mean": {
            "value": 1688.6363636363637,
            "min": 1024.0,
            "max": 1847.076923076923,
            "count": 50
        },
        "DefenseAgent.Environment.EpisodeLength.sum": {
            "value": 18575.0,
            "min": 3072.0,
            "max": 26746.0,
            "count": 50
        },
        "DefenseAgent.Environment.CumulativeReward.mean": {
            "value": 27.733124937862158,
            "min": 13.47597844991833,
            "max": 30.213180802085184,
            "count": 50
        },
        "DefenseAgent.Environment.CumulativeReward.sum": {
            "value": 332.7974992543459,
            "min": 58.50878393650055,
            "max": 392.16473441571,
            "count": 50
        },
        "DefenseAgent.Policy.ExtrinsicReward.mean": {
            "value": 27.733124937862158,
            "min": 13.47597844991833,
            "max": 30.213180802085184,
            "count": 50
        },
        "DefenseAgent.Policy.ExtrinsicReward.sum": {
            "value": 332.7974992543459,
            "min": 58.50878393650055,
            "max": 392.16473441571,
            "count": 50
        },
        "DefenseAgent.IsTraining.mean": {
            "value": 1.0,
            "min": 1.0,
            "max": 1.0,
            "count": 50
        },
        "DefenseAgent.IsTraining.sum": {
            "value": 1.0,
            "min": 1.0,
            "max": 1.0,
            "count": 50
        },
        "DefenseAgent.Losses.PolicyLoss.mean": {
            "value": 0.019518154005830488,
            "min": 0.012769469913716117,
            "max": 0.020549610486098876,
            "count": 24
        },
        "DefenseAgent.Losses.PolicyLoss.sum": {
            "value": 0.019518154005830488,
            "min": 0.012769469913716117,
            "max": 0.020549610486098876,
            "count": 24
        },
        "DefenseAgent.Losses.ValueLoss.mean": {
            "value": 0.22189732069770496,
            "min": 0.19756375948588054,
            "max": 0.3149176235000292,
            "count": 24
        },
        "DefenseAgent.Losses.ValueLoss.sum": {
            "value": 0.22189732069770496,
            "min": 0.19756375948588054,
            "max": 0.3149176235000292,
            "count": 24
        },
        "DefenseAgent.Policy.LearningRate.mean": {
            "value": 4.645898451399998e-06,
            "min": 4.645898451399998e-06,
            "max": 0.0002877015040994999,
            "count": 24
        },
        "DefenseAgent.Policy.LearningRate.sum": {
            "value": 4.645898451399998e-06,
            "min": 4.645898451399998e-06,
            "max": 0.0002877015040994999,
            "count": 24
        },
        "DefenseAgent.Policy.Epsilon.mean": {
            "value": 0.10154860000000002,
            "min": 0.10154860000000002,
            "max": 0.19590050000000003,
            "count": 24
        },
        "DefenseAgent.Policy.Epsilon.sum": {
            "value": 0.10154860000000002,
            "min": 0.10154860000000002,
            "max": 0.19590050000000003,
            "count": 24
        },
        "DefenseAgent.Policy.Beta.mean": {
            "value": 8.727514e-05,
            "min": 8.727514e-05,
            "max": 0.004795434950000001,
            "count": 24
        },
        "DefenseAgent.Policy.Beta.sum": {
            "value": 8.727514e-05,
            "min": 8.727514e-05,
            "max": 0.004795434950000001,
            "count": 24
        }
    },
    "metadata": {
        "timer_format_version": "0.1.0",
        "start_time_seconds": "1749320548",
        "python_version": "3.10.12 | packaged by Anaconda, Inc. | (main, Jul  5 2023, 19:01:18) [MSC v.1916 64 bit (AMD64)]",
        "command_line_arguments": "C:\\Users\\Yoony\\miniconda3\\envs\\mlagents\\Scripts\\mlagents-learn config/RLDefenseAgent.yaml --run-id=parallelRLDefense --force",
        "mlagents_version": "1.1.0",
        "mlagents_envs_version": "1.1.0",
        "communication_protocol_version": "1.5.0",
        "pytorch_version": "2.2.2+cu121",
        "numpy_version": "1.23.5",
        "end_time_seconds": "1749321521"
    },
    "total": 972.5897869000037,
    "count": 1,
    "self": 0.009070900006918237,
    "children": {
        "run_training.setup": {
            "total": 0.11233159998664632,
            "count": 1,
            "self": 0.11233159998664632
        },
        "TrainerController.start_learning": {
            "total": 972.4683844000101,
            "count": 1,
            "self": 1.0922964954806957,
            "children": {
                "TrainerController._reset_env": {
                    "total": 10.386845800006995,
                    "count": 1,
                    "self": 10.386845800006995
                },
                "TrainerController.advance": {
                    "total": 960.9202074045024,
                    "count": 62836,
                    "self": 1.1231498054403346,
                    "children": {
                        "env_step": {
                            "total": 764.0034764008014,
                            "count": 62836,
                            "self": 442.0458964103891,
                            "children": {
                                "SubprocessEnvManager._take_step": {
                                    "total": 321.20804869331187,
                                    "count": 62836,
                                    "self": 3.7081165905401576,
                                    "children": {
                                        "TorchPolicy.evaluate": {
                                            "total": 317.4999321027717,
                                            "count": 62570,
                                            "self": 317.4999321027717
                                        }
                                    }
                                },
                                "workers": {
                                    "total": 0.7495312971004751,
                                    "count": 62836,
                                    "self": 0.0,
                                    "children": {
                                        "worker_root": {
                                            "total": 961.2778291972354,
                                            "count": 62836,
                                            "is_parallel": true,
                                            "self": 591.9948824040766,
                                            "children": {
                                                "steps_from_proto": {
                                                    "total": 0.0004943000094499439,
                                                    "count": 1,