{
    "name": "root",
    "metadata": {
        "timer_format_version": "0.1.0",
        "start_time_seconds": "1748784530",
        "python_version": "3.10.12 | packaged by Anaconda, Inc. | (main, Jul  5 2023, 19:01:18) [MSC v.1916 64 bit (AMD64)]",
        "command_line_arguments": "C:\\Users\\user\\miniconda3\\envs\\mlagents\\Scripts\\mlagents-learn .\\config\\selfplay.yaml --run-id=selfplay --force",
        "mlagents_version": "1.1.0",
        "mlagents_envs_version": "1.1.0",
        "communication_protocol_version": "1.5.0",
        "pytorch_version": "2.2.2+cu121",
        "numpy_version": "1.23.5",
        "end_time_seconds": "1748784645"
    },
    "total": 115.21687130001374,
    "count": 1,
    "self": 0.024974600004497916,
    "children": {
        "run_training.setup": {
            "total": 0.1469306999933906,
            "count": 1,
            "self": 0.1469306999933906
        },
        "TrainerController.start_learning": {
            "total": 115.04496600001585,
            "count": 1,
            "self": 0.05668090027756989,
            "children": {
                "TrainerController._reset_env": {
                    "total": 16.50843619997613,
                    "count": 1,
                    "self": 16.50843619997613
                },
                "TrainerController.advance": {
                    "total": 98.04006259975722,
                    "count": 1441,
                    "self": 0.05216609966009855,
                    "children": {
                        "env_step": {
                            "total": 97.28318449907238,
                            "count": 1441,
                            "self": 79.93039729894372,
                            "children": {
                                "SubprocessEnvManager._take_step": {
                                    "total": 17.318175400141627,
                                    "count": 1441,
                                    "self": 0.17860120051773265,
                                    "children": {
                                        "TorchPolicy.evaluate": {
                                            "total": 17.139574199623894,
                                            "count": 1441,
                                            "self": 17.139574199623894
                                        }
                                    }
                                },
                                "workers": {
                                    "total": 0.03461179998703301,
                                    "count": 1440,
                                    "self": 0.0,
                                    "children": {
                                        "worker_root": {
                                            "total": 36.58465359889669,
                                            "count": 1440,
                                            "is_parallel": true,
                                            "self": 23.130627798906062,
                                            "children": {
                                                "steps_from_proto": {
                                                    "total": 0.0006954999989829957,
                                                    "count": 1,
                                                    "is_parallel": true,
                                                    "self": 0.00037130003329366446,
                                                    "children": {
                                                        "_process_rank_one_or_two_observation": {
                                                            "total": 0.0003241999656893313,
                                                            "count": 2,
                                                            "is_parallel": true,
                                                            "self": 0.0003241999656893313
                                                        }
                                                    }
                                                },
                                                "UnityEnvironment.step": {
                                                    "total": 13.453330299991649,
                                                    "count": 1440,
                                                    "is_parallel": true,
                                                    "self": 0.16956570046022534,
                                                    "children": {
                                                        "UnityEnvironment._generate_step_input": {
                                                            "total": 0.16727130021899939,
                                                            "count": 1440,
                                                            "is_parallel": true,
                                                            "self": 0.16727130021899939
                                                        },
                                                        "communicator.exchange": {
                                                            "total": 12.597620199609082,
                                                            "count": 1440,
                                                            "is_parallel": true,
                                                            "self": 12.597620199609082
                                                        },
                                                        "steps_from_proto": {
                                                            "total": 0.5188730997033417,
                                                            "count": 1440,
                                                            "is_parallel": true,
                                                            "self": 0.32667409908026457,
                                                            "children": {
                                                                "_process_rank_one_or_two_observation": {
                                                                    "total": 0.19219900062307715,
                                                                    "count": 2880,
                                                                    "is_parallel": true,
                                                                    "self": 0.19219900062307715
                                                                }
                                                            }
                                                        }
                                                    }
                                                }
                                            }
                                        }
                                    }
                                }
                            }
                        },
                        "trainer_advance": {
                            "total": 0.7047120010247454,
                            "count": 1440,
                            "self": 0.13015030202222988,
                            "children": {
                                "process_trajectory": {
                                    "total": 0.5745616990025155,
                                    "count": 1440,
                                    "self": 0.5745616990025155
                                }
                            }
                        }
                    }
                },
                "TrainerController._save_models": {
                    "total": 0.4397863000049256,
                    "count": 1,
                    "self": 0.002940200036391616,
                    "children": {
                        "RLTrainer._checkpoint": {
                            "total": 0.43684609996853396,
                            "count": 1,