{"count":1,"self":147.8381696,"total":1019.4657480999999,"children":{"InitializeActuators":{"count":16,"self":0.0015117,"total":0.0015117,"children":null},"InitializeSensors":{"count":16,"self":0.002005,"total":0.002005,"children":null},"AgentSendState":{"count":125184,"self":1.2254732,"total":8.0130305,"children":{"CollectObservations":{"count":1001472,"self":1.55521,"total":1.55521,"children":null},"WriteActionMask":{"count":1001472,"self":0.61001759999999994,"total":0.61001759999999994,"children":null},"RequestDecision":{"count":1001472,"self":1.1767064999999999,"total":4.6223297,"children":{"AgentInfo.ToProto":{"count":1001472,"self":1.2273562999999998,"total":3.4456232,"children":{"GenerateSensorData":{"count":1001472,"self":2.2182668,"total":2.2182668999999997,"children":null}}}}}}},"DecideAction":{"count":125184,"self":734.1234688,"total":734.12346919999993,"children":null},"AgentAct":{"count":125184,"self":129.47496959999998,"total":129.48152489999998,"children":{"AgentInfo.ToProto":{"count":287,"self":0.003019,"total":0.0065501,"children":{"GenerateSensorData":{"count":287,"self":0.0035310999999999997,"total":0.0035310999999999997,"children":null}}}}},"AgentInfo.ToProto":{"count":305,"self":0.0050368,"total":0.0060357,"children":{"GenerateSensorData":{"count":305,"self":0.0009989,"total":0.0009989,"children":null}}}},"gauges":{"DefenseAgent.CumulativeReward":{"count":592,"max":36.84903,"min":-36.5909729,"runningAverage":9.283221,"value":16.3779736,"weightedAverage":15.6543636}},"metadata":{"timer_format_version":"0.1.0","start_time_seconds":"1749384448","unity_version":"6000.1.3f1","command_line_arguments":"C:\\Program Files\\Unity\\Hub\\Editor\\6000.1.3f1\\Editor\\Unity.exe -projectpath C:\\Users\\Yoony\\Desktop\\Dev Project\\AIGP3 -useHub -hubIPC -cloudEnvironment production","communication_protocol_version":"1.5.0","com.unity.ml-agents_version":"3.0.0","scene_name":"RLDefenseParallelTrainingScene","end_time_seconds":"1749385468"}}