{"count":1,"self":107.8230912,"total":909.31459569999993,"children":{"InitializeActuators":{"count":16,"self":0.0020069,"total":0.0020069,"children":null},"InitializeSensors":{"count":16,"self":0.0010019,"total":0.0010019,"children":null},"AgentSendState":{"count":125151,"self":1.0021488,"total":7.1117794,"children":{"CollectObservations":{"count":1001216,"self":1.4368474,"total":1.4368474,"children":null},"WriteActionMask":{"count":1001216,"self":0.58223479999999994,"total":0.58223479999999994,"children":null},"RequestDecision":{"count":1001216,"self":0.9723529,"total":4.0905483999999994,"children":{"AgentInfo.ToProto":{"count":1001216,"self":1.0781876,"total":3.1181954999999997,"children":{"GenerateSensorData":{"count":1001216,"self":2.040008,"total":2.0400079,"children":null}}}}}}},"DecideAction":{"count":125151,"self":692.804864,"total":692.8048705,"children":null},"AgentAct":{"count":125151,"self":101.5633216,"total":101.5663311,"children":{"AgentInfo.ToProto":{"count":217,"self":0.0015103999999999999,"total":0.0030112,"children":{"GenerateSensorData":{"count":217,"self":0.0015007999999999998,"total":0.0015007999999999998,"children":null}}}}},"AgentInfo.ToProto":{"count":365,"self":0.0020077,"total":0.0045197,"children":{"GenerateSensorData":{"count":365,"self":0.002512,"total":0.002512,"children":null}}}},"gauges":{"DefenseAgent.CumulativeReward":{"count":582,"max":100.746323,"min":-14.6288834,"runningAverage":18.3494759,"value":34.3969421,"weightedAverage":29.2712212}},"metadata":{"timer_format_version":"0.1.0","start_time_seconds":"1749364781","unity_version":"6000.1.3f1","command_line_arguments":"C:\\Program Files\\Unity\\Hub\\Editor\\6000.1.3f1\\Editor\\Unity.exe -projectpath C:\\Users\\Yoony\\Desktop\\Dev Project\\AIGP3 -useHub -hubIPC -cloudEnvironment production","communication_protocol_version":"1.5.0","com.unity.ml-agents_version":"3.0.0","scene_name":"RLDefenseParallelTrainingScene","end_time_seconds":"1749365690"}}