{
    "name": "root",
    "gauges": {
        "AttackAgent.Policy.Entropy.mean": {
            "value": 0.02261398173868656,
            "min": 0.0186786986887455,
            "max": 2.3873417377471924,
            "count": 263
        },
        "AttackAgent.Policy.Entropy.sum": {
            "value": 451.5559997558594,
            "min": 374.17169189453125,
            "max": 48892.7578125,
            "count": 263
        },
        "AttackAgent.Step.mean": {
            "value": 5259917.0,
            "min": 19968.0,
            "max": 5259917.0,
            "count": 263
        },
        "AttackAgent.Step.sum": {
            "value": 5259917.0,
            "min": 19968.0,
            "max": 5259917.0,
            "count": 263
        },
        "AttackAgent.Policy.ExtrinsicValueEstimate.mean": {
            "value": 11.070988655090332,
            "min": -27.712568283081055,
            "max": 11.445588111877441,
            "count": 263
        },
        "AttackAgent.Policy.ExtrinsicValueEstimate.sum": {
            "value": 1738.145263671875,
            "min": -4544.861328125,
            "max": 1805.145263671875,
            "count": 263
        },
        "AttackAgent.IsTraining.mean": {
            "value": 1.0,
            "min": 1.0,
            "max": 1.0,
            "count": 263
        },
        "AttackAgent.IsTraining.sum": {
            "value": 1.0,
            "min": 1.0,
            "max": 1.0,
            "count": 263
        },
        "AttackAgent.Losses.PolicyLoss.mean": {
            "value": 0.017129626160021873,
            "min": 0.013604623933012287,
            "max": 0.021641667761529485,
            "count": 127
        },
        "AttackAgent.Losses.PolicyLoss.sum": {
            "value": 0.017129626160021873,
            "min": 0.013604623933012287,
            "max": 0.021641667761529485,
            "count": 127
        },
        "AttackAgent.Losses.ValueLoss.mean": {
            "value": 0.9077285557985306,
            "min": 0.7649132490158081,
            "max": 14.033589617411296,
            "count": 127
        },
        "AttackAgent.Losses.ValueLoss.sum": {
            "value": 0.9077285557985306,
            "min": 0.7649132490158081,
            "max": 14.033589617411296,
            "count": 127
        },
        "AttackAgent.Policy.LearningRate.mean": {
            "value": 0.00014309936230023,
            "min": 0.00014309936230023,
            "max": 0.00029864832045056,
            "count": 127
        },
        "AttackAgent.Policy.LearningRate.sum": {
            "value": 0.00014309936230023,
            "min": 0.00014309936230023,
            "max": 0.00029864832045056,
            "count": 127
        },
        "AttackAgent.Policy.Epsilon.mean": {
            "value": 0.14769976999999995,
            "min": 0.14769976999999995,
            "max": 0.19954944,
            "count": 127
        },
        "AttackAgent.Policy.Epsilon.sum": {
            "value": 0.14769976999999995,
            "min": 0.14769976999999995,
            "max": 0.19954944,
            "count": 127
        },
        "AttackAgent.Policy.Beta.mean": {
            "value": 0.002390218523,
            "min": 0.002390218523,
            "max": 0.004977517056000001,
            "count": 127
        },
        "AttackAgent.Policy.Beta.sum": {
            "value": 0.002390218523,
            "min": 0.002390218523,
            "max": 0.004977517056000001,
            "count": 127
        },
        "AttackAgent.Environment.EpisodeLength.mean": {
            "value": 7499.0,
            "min": 156.95238095238096,
            "max": 7499.0,
            "count": 251
        },
        "AttackAgent.Environment.EpisodeLength.sum": {
            "value": 7499.0,
            "min": 507.0,
            "max": 224970.0,
            "count": 251
        },
        "AttackAgent.Environment.CumulativeReward.mean": {
            "value": 891.6210296154022,
            "min": -1730.2276465415955,
            "max": 915.2800302505493,
            "count": 251
        },
        "AttackAgent.Environment.CumulativeReward.sum": {
            "value": 891.6210296154022,
            "min": -39319.08421471715,
            "max": 4552.169589996338,
            "count": 251
        },
        "AttackAgent.Policy.ExtrinsicReward.mean": {
            "value": 891.6210296154022,
            "min": -1730.2276465415955,
            "max": 915.2800302505493,
            "count": 251
        },
        "AttackAgent.Policy.ExtrinsicReward.sum": {
            "value": 891.6210296154022,
            "min": -39319.08421471715,
            "max": 4552.169589996338,
            "count": 251
        }
    },
    "metadata": {
        "timer_format_version": "0.1.0",
        "start_time_seconds": "1749463963",
        "python_version": "3.10.12 | packaged by Anaconda, Inc. | (main, Jul  5 2023, 19:01:18) [MSC v.1916 64 bit (AMD64)]",
        "command_line_arguments": "C:\\Users\\Yoony\\miniconda3\\envs\\mlagents\\Scripts\\mlagents-learn config/RLAttackAgent.yaml --run-id=parallelRLAttack --force",
        "mlagents_version": "1.1.0",
        "mlagents_envs_version": "1.1.0",
        "communication_protocol_version": "1.5.0",
        "pytorch_version": "2.2.2+cu121",
        "numpy_version": "1.23.5",
        "end_time_seconds": "1749467197"
    },
    "total": 3233.6244678999647,
    "count": 1,
    "self": 0.004804399912245572,
    "children": {
        "run_training.setup": {
            "total": 0.10615030000917614,
            "count": 1,
            "self": 0.10615030000917614
        },
        "TrainerController.start_learning": {
            "total": 3233.5135132000432,
            "count": 1,
            "self": 3.125722697994206,
            "children": {
                "TrainerController._reset_env": {
                    "total": 9.708838499966078,
                    "count": 1,
                    "self": 9.708838499966078
                },
                "TrainerController.advance": {
                    "total": 3220.601594502048,
                    "count": 167493,
                    "self": 3.3425854126689956,
                    "children": {
                        "env_step": {
                            "total": 2197.5686761009856,
                            "count": 167493,
                            "self": 1303.1533160096733,
                            "children": {
                                "SubprocessEnvManager._take_step": {
                                    "total": 892.4477782906033,
                                    "count": 167493,
                                    "self": 10.91172009787988,
                                    "children": {
                                        "TorchPolicy.evaluate": {
                                            "total": 881.5360581927234,
                                            "count": 164517,
                                            "self": 881.5360581927234
                                        }
                                    }
                                },
                                "workers": {
                                    "total": 1.967581800709013,
                                    "count": 167492,
                                    "self": 0.0,
                                    "children": {
                                        "worker_root": {
                                            "total": 3157.8447087135282,
                                            "count": 167492,
                                            "is_parallel": true,
                                            "self": 2172.886190919555,
                                            "children": {
                                                "steps_from_proto": {
                                                    "total": 0.0005598000134341419,
                                                    "count": 1,