{
    "name": "root",
    "gauges": {
        "AttackAgent.Policy.Entropy.mean": {
            "value": 1.9761415719985962,
            "min": 1.9377872943878174,
            "max": 2.386204719543457,
            "count": 50
        },
        "AttackAgent.Policy.Entropy.sum": {
            "value": 38953.703125,
            "min": 38953.703125,
            "max": 48869.47265625,
            "count": 50
        },
        "AttackAgent.Step.mean": {
            "value": 999899.0,
            "min": 19968.0,
            "max": 999899.0,
            "count": 50
        },
        "AttackAgent.Step.sum": {
            "value": 999899.0,
            "min": 19968.0,
            "max": 999899.0,
            "count": 50
        },
        "AttackAgent.Policy.ExtrinsicValueEstimate.mean": {
            "value": 11.30150318145752,
            "min": 0.034207381308078766,
            "max": 14.854070663452148,
            "count": 50
        },
        "AttackAgent.Policy.ExtrinsicValueEstimate.sum": {
            "value": 1830.843505859375,
            "min": 5.33635139465332,
            "max": 2332.089111328125,
            "count": 50
        },
        "AttackAgent.IsTraining.mean": {
            "value": 1.0,
            "min": 1.0,
            "max": 1.0,
            "count": 50
        },
        "AttackAgent.IsTraining.sum": {
            "value": 1.0,
            "min": 1.0,
            "max": 1.0,
            "count": 50
        },
        "AttackAgent.Environment.EpisodeLength.mean": {
            "value": 1999.0,
            "min": 1764.0,
            "max": 1999.0,
            "count": 48
        },
        "AttackAgent.Environment.EpisodeLength.sum": {
            "value": 29985.0,
            "min": 1764.0,
            "max": 31984.0,
            "count": 48
        },
        "AttackAgent.Environment.CumulativeReward.mean": {
            "value": 266.6841612160206,
            "min": -116.28881597518921,
            "max": 582.0738968849182,
            "count": 48
        },
        "AttackAgent.Environment.CumulativeReward.sum": {
            "value": 4000.2624182403088,
            "min": -116.28881597518921,
            "max": 4636.427270740271,
            "count": 48
        },
        "AttackAgent.Policy.ExtrinsicReward.mean": {
            "value": 266.6841612160206,
            "min": -116.28881597518921,
            "max": 582.0738968849182,
            "count": 48
        },
        "AttackAgent.Policy.ExtrinsicReward.sum": {
            "value": 4000.2624182403088,
            "min": -116.28881597518921,
            "max": 4636.427270740271,
            "count": 48
        },
        "AttackAgent.Losses.PolicyLoss.mean": {
            "value": 0.016785360500216485,
            "min": 0.014465267948495845,
            "max": 0.02054461023847883,
            "count": 23
        },
        "AttackAgent.Losses.PolicyLoss.sum": {
            "value": 0.016785360500216485,
            "min": 0.014465267948495845,
            "max": 0.02054461023847883,
            "count": 23
        },
        "AttackAgent.Losses.ValueLoss.mean": {
            "value": 1.0106082081794738,
            "min": 0.7131395399570465,
            "max": 2.4090827186902364,
            "count": 23
        },
        "AttackAgent.Losses.ValueLoss.sum": {
            "value": 1.0106082081794738,
            "min": 0.7131395399570465,
            "max": 2.4090827186902364,
            "count": 23
        },
        "AttackAgent.Policy.LearningRate.mean": {
            "value": 1.0206396597899987e-05,
            "min": 1.0206396597899987e-05,
            "max": 0.0002873601042133001,
            "count": 23
        },
        "AttackAgent.Policy.LearningRate.sum": {
            "value": 1.0206396597899987e-05,
            "min": 1.0206396597899987e-05,
            "max": 0.0002873601042133001,
            "count": 23
        },
        "AttackAgent.Policy.Epsilon.mean": {
            "value": 0.10340210000000004,
            "min": 0.10340210000000004,
            "max": 0.19578669999999995,
            "count": 23
        },
        "AttackAgent.Policy.Epsilon.sum": {
            "value": 0.10340210000000004,
            "min": 0.10340210000000004,
            "max": 0.19578669999999995,
            "count": 23
        },
        "AttackAgent.Policy.Beta.mean": {
            "value": 0.00017976478999999986,
            "min": 0.00017976478999999986,
            "max": 0.0047897563300000005,
            "count": 23
        },
        "AttackAgent.Policy.Beta.sum": {
            "value": 0.00017976478999999986,
            "min": 0.00017976478999999986,
            "max": 0.0047897563300000005,
            "count": 23
        }
    },
    "metadata": {
        "timer_format_version": "0.1.0",
        "start_time_seconds": "1749379379",
        "python_version": "3.10.12 | packaged by Anaconda, Inc. | (main, Jul  5 2023, 19:01:18) [MSC v.1916 64 bit (AMD64)]",
        "command_line_arguments": "C:\\Users\\Yoony\\miniconda3\\envs\\mlagents\\Scripts\\mlagents-learn config/RLAttackAgent.yaml --run-id=parallelRLAttack --force",
        "mlagents_version": "1.1.0",
        "mlagents_envs_version": "1.1.0",
        "communication_protocol_version": "1.5.0",
        "pytorch_version": "2.2.2+cu121",
        "numpy_version": "1.23.5",
        "end_time_seconds": "1749380455"
    },
    "total": 1075.6277786000283,
    "count": 1,
    "self": 0.007064400007948279,
    "children": {
        "run_training.setup": {
            "total": 0.10190820001298562,
            "count": 1,
            "self": 0.10190820001298562
        },
        "TrainerController.start_learning": {
            "total": 1075.5188060000073,
            "count": 1,
            "self": 1.093150392465759,
            "children": {
                "TrainerController._reset_env": {
                    "total": 8.102883799991105,
                    "count": 1,
                    "self": 8.102883799991105
                },
                "TrainerController.advance": {
                    "total": 1066.2469870075583,
                    "count": 62545,
                    "self": 1.1343100155936554,
                    "children": {
                        "env_step": {
                            "total": 878.416696497763,
                            "count": 62545,
                            "self": 508.6676976860035,
                            "children": {
                                "SubprocessEnvManager._take_step": {
                                    "total": 369.0156911064405,
                                    "count": 62545,
                                    "self": 3.5986746078706346,
                                    "children": {
                                        "TorchPolicy.evaluate": {
                                            "total": 365.41701649856986,
                                            "count": 62512,
                                            "self": 365.41701649856986
                                        }
                                    }
                                },
                                "workers": {
                                    "total": 0.7333077053190209,
                                    "count": 62545,
                                    "self": 0.0,
                                    "children": {
                                        "worker_root": {
                                            "total": 1066.6202753970865,
                                            "count": 62545,
                                            "is_parallel": true,
                                            "self": 629.9742723938543,
                                            "children": {
                                                "steps_from_proto": {
                                                    "total": 0.0005852999747730792,
                                                    "count": 1,