{
    "name": "root",
    "gauges": {
        "AttackAgent.Policy.Entropy.mean": {
            "value": 2.3758647441864014,
            "min": 2.3718438148498535,
            "max": 2.380730628967285,
            "count": 7
        },
        "AttackAgent.Policy.Entropy.sum": {
            "value": 47517.296875,
            "min": 47436.875,
            "max": 47614.61328125,
            "count": 7
        },
        "AttackAgent.Step.mean": {
            "value": 139920.0,
            "min": 19920.0,
            "max": 139920.0,
            "count": 7
        },
        "AttackAgent.Step.sum": {
            "value": 139920.0,
            "min": 19920.0,
            "max": 139920.0,
            "count": 7
        },
        "AttackAgent.Policy.ExtrinsicValueEstimate.mean": {
            "value": -0.05628504604101181,
            "min": -0.05628504604101181,
            "max": 0.1913696974515915,
            "count": 7
        },
        "AttackAgent.Policy.ExtrinsicValueEstimate.sum": {
            "value": -9.005607604980469,
            "min": -9.005607604980469,
            "max": 30.619152069091797,
            "count": 7
        },
        "AttackAgent.Environment.EpisodeLength.mean": {
            "value": 1999.0,
            "min": 1999.0,
            "max": 1999.0,
            "count": 7
        },
        "AttackAgent.Environment.EpisodeLength.sum": {
            "value": 19990.0,
            "min": 19990.0,
            "max": 19990.0,
            "count": 7
        },
        "AttackAgent.Environment.CumulativeReward.mean": {
            "value": 4.816884043067693,
            "min": -7.181610096991062,
            "max": 38.05853417366743,
            "count": 7
        },
        "AttackAgent.Environment.CumulativeReward.sum": {
            "value": 48.16884043067694,
            "min": -71.81610096991062,
            "max": 380.5853417366743,
            "count": 7
        },
        "AttackAgent.Policy.ExtrinsicReward.mean": {
            "value": 4.816884043067693,
            "min": -7.181610096991062,
            "max": 38.05853417366743,
            "count": 7
        },
        "AttackAgent.Policy.ExtrinsicReward.sum": {
            "value": 48.16884043067694,
            "min": -71.81610096991062,
            "max": 380.5853417366743,
            "count": 7
        },
        "AttackAgent.IsTraining.mean": {
            "value": 1.0,
            "min": 1.0,
            "max": 1.0,
            "count": 7
        },
        "AttackAgent.IsTraining.sum": {
            "value": 1.0,
            "min": 1.0,
            "max": 1.0,
            "count": 7
        },
        "AttackAgent.Losses.PolicyLoss.mean": {
            "value": 0.017022797865017005,
            "min": 0.015970761619973926,
            "max": 0.017093385783179354,
            "count": 3
        },
        "AttackAgent.Losses.PolicyLoss.sum": {
            "value": 0.017022797865017005,
            "min": 0.015970761619973926,
            "max": 0.017093385783179354,
            "count": 3
        },
        "AttackAgent.Losses.ValueLoss.mean": {
            "value": 2.293121564388275,
            "min": 1.232641597588857,
            "max": 2.293121564388275,
            "count": 3
        },
        "AttackAgent.Losses.ValueLoss.sum": {
            "value": 2.293121564388275,
            "min": 1.232641597588857,
            "max": 2.293121564388275,
            "count": 3
        },
        "AttackAgent.Policy.LearningRate.mean": {
            "value": 5.395208201599999e-05,
            "min": 5.395208201599999e-05,
            "max": 0.00021795202734933332,
            "count": 3
        },
        "AttackAgent.Policy.LearningRate.sum": {
            "value": 5.395208201599999e-05,
            "min": 5.395208201599999e-05,
            "max": 0.00021795202734933332,
            "count": 3
        },
        "AttackAgent.Policy.Epsilon.mean": {
            "value": 0.11798399999999999,
            "min": 0.11798399999999999,
            "max": 0.17265066666666665,
            "count": 3
        },
        "AttackAgent.Policy.Epsilon.sum": {
            "value": 0.11798399999999999,
            "min": 0.11798399999999999,
            "max": 0.17265066666666665,
            "count": 3
        },
        "AttackAgent.Policy.Beta.mean": {
            "value": 0.0009074016000000002,
            "min": 0.0009074016000000002,
            "max": 0.0036352682666666654,
            "count": 3
        },
        "AttackAgent.Policy.Beta.sum": {
            "value": 0.0009074016000000002,
            "min": 0.0009074016000000002,
            "max": 0.0036352682666666654,
            "count": 3
        }
    },
    "metadata": {
        "timer_format_version": "0.1.0",
        "start_time_seconds": "1749348339",
        "python_version": "3.10.12 (main, Jul  5 2023, 15:02:25) [Clang 14.0.6 ]",
        "command_line_arguments": "/opt/miniconda3/envs/mlagents/bin/mlagents-learn config/RLAttackAgent.yaml --run-id=parallelRLAttack --force",
        "mlagents_version": "1.1.0",
        "mlagents_envs_version": "1.1.0",
        "communication_protocol_version": "1.5.0",
        "pytorch_version": "2.2.2",
        "numpy_version": "1.23.5",
        "end_time_seconds": "1749348908"
    },
    "total": 569.1977480409987,
    "count": 1,
    "self": 0.013470664998749271,
    "children": {
        "run_training.setup": {
            "total": 0.024176209000870585,
            "count": 1,
            "self": 0.024176209000870585
        },
        "TrainerController.start_learning": {
            "total": 569.1601011669991,
            "count": 1,
            "self": 1.3287621012859745,
            "children": {
                "TrainerController._reset_env": {
                    "total": 12.727323250001064,
                    "count": 1,
                    "self": 12.727323250001064
                },
                "TrainerController.advance": {
                    "total": 555.0242476076965,
                    "count": 150128,
                    "self": 1.25863002963888,
                    "children": {
                        "env_step": {
                            "total": 532.883538861046,
                            "count": 150128,
                            "self": 461.8469964464748,
                            "children": {
                                "SubprocessEnvManager._take_step": {
                                    "total": 70.10229271739081,
                                    "count": 150128,
                                    "self": 2.777904359070817,
                                    "children": {
                                        "TorchPolicy.evaluate": {
                                            "total": 67.32438835832,
                                            "count": 150128,
                                            "self": 67.32438835832
                                        }
                                    }
                                },
                                "workers": {
                                    "total": 0.9342496971803484,
                                    "count": 150128,
                                    "self": 0.0,
                                    "children": {
                                        "worker_root": {
                                            "total": 555.2709502848302,
                                            "count": 150128,
                                            "is_parallel": true,
                                            "self": 151.2434413170413,
                                            "children": {
                                                "steps_from_proto": {
                                                    "total": 0.0011028330045519397,
                                                    "count": 1,
                                                    "is_parallel": true,