{
    "name": "root",
    "gauges": {
        "AttackAgent.Policy.Entropy.mean": {
            "value": 1.3502851724624634,
            "min": 1.3502851724624634,
            "max": 2.384852886199951,
            "count": 50
        },
        "AttackAgent.Policy.Entropy.sum": {
            "value": 27481.00390625,
            "min": 27481.00390625,
            "max": 48841.7890625,
            "count": 50
        },
        "AttackAgent.Step.mean": {
            "value": 999885.0,
            "min": 19968.0,
            "max": 999885.0,
            "count": 50
        },
        "AttackAgent.Step.sum": {
            "value": 999885.0,
            "min": 19968.0,
            "max": 999885.0,
            "count": 50
        },
        "AttackAgent.Policy.ExtrinsicValueEstimate.mean": {
            "value": -11.291755676269531,
            "min": -13.553617477416992,
            "max": 0.19951820373535156,
            "count": 50
        },
        "AttackAgent.Policy.ExtrinsicValueEstimate.sum": {
            "value": -1829.264404296875,
            "min": -2222.793212890625,
            "max": 31.6593017578125,
            "count": 50
        },
        "AttackAgent.IsTraining.mean": {
            "value": 1.0,
            "min": 1.0,
            "max": 1.0,
            "count": 50
        },
        "AttackAgent.IsTraining.sum": {
            "value": 1.0,
            "min": 1.0,
            "max": 1.0,
            "count": 50
        },
        "AttackAgent.Environment.EpisodeLength.mean": {
            "value": 2499.0,
            "min": 1247.0,
            "max": 2499.0,
            "count": 39
        },
        "AttackAgent.Environment.EpisodeLength.sum": {
            "value": 32487.0,
            "min": 1247.0,
            "max": 39984.0,
            "count": 39
        },
        "AttackAgent.Environment.CumulativeReward.mean": {
            "value": -254.88753685125937,
            "min": -523.8859937667846,
            "max": -25.145197868347168,
            "count": 49
        },
        "AttackAgent.Environment.CumulativeReward.sum": {
            "value": -3313.537979066372,
            "min": -7858.28990650177,
            "max": -25.145197868347168,
            "count": 49
        },
        "AttackAgent.Policy.ExtrinsicReward.mean": {
            "value": -254.88753685125937,
            "min": -523.8859937667846,
            "max": -25.145197868347168,
            "count": 49
        },
        "AttackAgent.Policy.ExtrinsicReward.sum": {
            "value": -3313.537979066372,
            "min": -7858.28990650177,
            "max": -25.145197868347168,
            "count": 49
        },
        "AttackAgent.Losses.PolicyLoss.mean": {
            "value": 0.01739544221200049,
            "min": 0.014125590837405373,
            "max": 0.019305996895612527,
            "count": 23
        },
        "AttackAgent.Losses.PolicyLoss.sum": {
            "value": 0.01739544221200049,
            "min": 0.014125590837405373,
            "max": 0.019305996895612527,
            "count": 23
        },
        "AttackAgent.Losses.ValueLoss.mean": {
            "value": 7.324270844459534,
            "min": 5.726139219601949,
            "max": 8.013493585586549,
            "count": 23
        },
        "AttackAgent.Losses.ValueLoss.sum": {
            "value": 7.324270844459534,
            "min": 5.726139219601949,
            "max": 8.013493585586549,
            "count": 23
        },
        "AttackAgent.Policy.LearningRate.mean": {
            "value": 1.0268196577300005e-05,
            "min": 1.0268196577300005e-05,
            "max": 0.0002873856042047999,
            "count": 23
        },
        "AttackAgent.Policy.LearningRate.sum": {
            "value": 1.0268196577300005e-05,
            "min": 1.0268196577300005e-05,
            "max": 0.0002873856042047999,
            "count": 23
        },
        "AttackAgent.Policy.Epsilon.mean": {
            "value": 0.10342270000000002,
            "min": 0.10342270000000002,
            "max": 0.19579519999999997,
            "count": 23
        },
        "AttackAgent.Policy.Epsilon.sum": {
            "value": 0.10342270000000002,
            "min": 0.10342270000000002,
            "max": 0.19579519999999997,
            "count": 23
        },
        "AttackAgent.Policy.Beta.mean": {
            "value": 0.00018079273000000008,
            "min": 0.00018079273000000008,
            "max": 0.004790180480000001,
            "count": 23
        },
        "AttackAgent.Policy.Beta.sum": {
            "value": 0.00018079273000000008,
            "min": 0.00018079273000000008,
            "max": 0.004790180480000001,
            "count": 23
        }
    },
    "metadata": {
        "timer_format_version": "0.1.0",
        "start_time_seconds": "1749407010",
        "python_version": "3.10.12 | packaged by Anaconda, Inc. | (main, Jul  5 2023, 19:01:18) [MSC v.1916 64 bit (AMD64)]",
        "command_line_arguments": "C:\\Users\\Yoony\\miniconda3\\envs\\mlagents\\Scripts\\mlagents-learn config/RLAttackAgent.yaml --run-id=parallelRLAttack --force",
        "mlagents_version": "1.1.0",
        "mlagents_envs_version": "1.1.0",
        "communication_protocol_version": "1.5.0",
        "pytorch_version": "2.2.2+cu121",
        "numpy_version": "1.23.5",
        "end_time_seconds": "1749407911"
    },
    "total": 901.3971782000153,
    "count": 1,
    "self": 0.026771800010465086,
    "children": {
        "run_training.setup": {
            "total": 0.10261739999987185,
            "count": 1,
            "self": 0.10261739999987185
        },
        "TrainerController.start_learning": {
            "total": 901.267789000005,
            "count": 1,
            "self": 1.052155505400151,
            "children": {
                "TrainerController._reset_env": {
                    "total": 8.679690499964636,
                    "count": 1,
                    "self": 8.679690499964636
                },
                "TrainerController.advance": {
                    "total": 891.4434416946606,
                    "count": 62575,
                    "self": 1.1178925940184854,
                    "children": {
                        "env_step": {
                            "total": 708.577610499924,
                            "count": 62575,
                            "self": 376.4644987003412,
                            "children": {
                                "SubprocessEnvManager._take_step": {
                                    "total": 331.392642202205,
                                    "count": 62575,
                                    "self": 3.6577251051785424,
                                    "children": {
                                        "TorchPolicy.evaluate": {
                                            "total": 327.7349170970265,
                                            "count": 62552,
                                            "self": 327.7349170970265
                                        }
                                    }
                                },
                                "workers": {
                                    "total": 0.7204695973778144,
                                    "count": 62575,
                                    "self": 0.0,
                                    "children": {
                                        "worker_root": {
                                            "total": 892.0680679987418,
                                            "count": 62575,
                                            "is_parallel": true,
                                            "self": 586.1411649875226,
                                            "children": {
                                                "steps_from_proto": {
                                                    "total": 0.0015846999594941735,
                                                    "count": 1,